"","OWNGRPCD","n","insect_rate","disease_rate","fire_rate","drought_rate","none_rate"
"1",10,4065,0.0130381303813038,0.0915129151291513,0.146371463714637,0.0179968701095462,0.658059467918623
"2",20,821,0.0182704019488429,0.0560292326431181,0.0755176613885506,0.0287539936102236,0.685303514376997
"3",30,488,0.00614754098360656,0.0368852459016393,0.0450819672131148,0.0114942528735632,0.735632183908046
"4",40,3399,0.00470726684318917,0.0379523389232127,0.048249485142689,0.0158322635857938,0.731279418057338
